<?xml version="1.0" encoding="UTF-8"?>
<metadata>
  <groupId>com.applitools</groupId>
  <artifactId>eyes-selenium-java3</artifactId>
  <versioning>
    <latest>3.191.4</latest>
    <release>3.191.4</release>
    <versions>
      <version>3.1</version>
      <version>3.2</version>
      <version>3.3</version>
      <version>3.4</version>
      <version>3.5</version>
      <version>3.6</version>
      <version>3.7</version>
      <version>3.8</version>
      <version>3.9</version>
      <version>3.10</version>
      <version>3.11</version>
      <version>3.13</version>
      <version>3.14</version>
      <version>3.15</version>
      <version>3.16</version>
      <version>3.18</version>
      <version>3.19</version>
      <version>3.20</version>
      <version>3.21</version>
      <version>3.22</version>
      <version>3.23</version>
      <version>3.24</version>
      <version>3.25</version>
      <version>3.26</version>
      <version>3.27</version>
      <version>3.28</version>
      <version>3.29</version>
      <version>3.29.1</version>
      <version>3.30</version>
      <version>3.31</version>
      <version>3.32</version>
      <version>3.32.1</version>
      <version>3.33</version>
      <version>3.33.1</version>
      <version>3.34</version>
      <version>3.35</version>
      <version>3.36</version>
      <version>3.37</version>
      <version>3.37.1</version>
      <version>3.38</version>
      <version>3.38.1</version>
      <version>3.38.2</version>
      <version>3.38.3</version>
      <version>3.38.4</version>
      <version>3.141.0</version>
      <version>3.141.1</version>
      <version>3.141.2</version>
      <version>3.141.3</version>
      <version>3.141.4</version>
      <version>3.142.0</version>
      <version>3.143.0</version>
      <version>3.143.1</version>
      <version>3.144.0</version>
      <version>3.144.1</version>
      <version>3.145.0</version>
      <version>3.145.1</version>
      <version>3.146.0</version>
      <version>3.147.0</version>
      <version>3.147.1</version>
      <version>3.148.0</version>
      <version>3.148.1</version>
      <version>3.149.0-beta</version>
      <version>3.149.1-beta</version>
      <version>3.149.2-beta</version>
      <version>3.149.3-beta</version>
      <version>3.149.4-beta</version>
      <version>3.149.5-beta</version>
      <version>3.150.0</version>
      <version>3.150.1</version>
      <version>3.151.0</version>
      <version>3.151.1</version>
      <version>3.151.2</version>
      <version>3.152.0</version>
      <version>3.152.1</version>
      <version>3.152.2</version>
      <version>3.152.3</version>
      <version>3.152.4</version>
      <version>3.152.5</version>
      <version>3.152.6</version>
      <version>3.153.0</version>
      <version>3.154.0</version>
      <version>3.154.1</version>
      <version>3.155.0</version>
      <version>3.156.0</version>
      <version>3.156.1</version>
      <version>3.156.2</version>
      <version>3.156.3</version>
      <version>3.156.4</version>
      <version>3.156.5</version>
      <version>3.157.0</version>
      <version>3.157.1</version>
      <version>3.157.2</version>
      <version>3.157.3</version>
      <version>3.157.4</version>
      <version>3.157.5</version>
      <version>3.157.6</version>
      <version>3.157.7</version>
      <version>3.157.8</version>
      <version>3.157.9</version>
      <version>3.157.10</version>
      <version>3.157.12</version>
      <version>3.158.0</version>
      <version>3.158.1</version>
      <version>3.158.2</version>
      <version>3.158.3</version>
      <version>3.158.4</version>
      <version>3.158.5</version>
      <version>3.158.6</version>
      <version>3.158.7</version>
      <version>3.158.8</version>
      <version>3.158.9</version>
      <version>3.159.0</version>
      <version>3.160.0</version>
      <version>3.160.1</version>
      <version>3.160.2</version>
      <version>3.160.3</version>
      <version>3.160.4</version>
      <version>3.160.173_0</version>
      <version>3.160.181_0</version>
      <version>3.161.0</version>
      <version>3.162.0</version>
      <version>3.163.0</version>
      <version>3.164.0</version>
      <version>3.164.1</version>
      <version>3.165.0</version>
      <version>3.165.182_0</version>
      <version>3.165.187_0</version>
      <version>3.166.0</version>
      <version>3.167.0</version>
      <version>3.168.0</version>
      <version>3.168.1</version>
      <version>3.169.0</version>
      <version>3.170.0</version>
      <version>3.171.0</version>
      <version>3.171.1</version>
      <version>3.172.0</version>
      <version>3.172.1</version>
      <version>3.173.0</version>
      <version>3.174.0</version>
      <version>3.175.0</version>
      <version>3.175.1</version>
      <version>3.176.0</version>
      <version>3.177.0</version>
      <version>3.177.1</version>
      <version>3.178.0</version>
      <version>3.179.0</version>
      <version>3.180.0</version>
      <version>3.181.0</version>
      <version>3.182.0</version>
      <version>3.183.0</version>
      <version>3.184.0</version>
      <version>3.185.0</version>
      <version>3.185.1</version>
      <version>3.186.0</version>
      <version>3.187.0</version>
      <version>3.188.0</version>
      <version>3.189.0</version>
      <version>3.190.0</version>
      <version>3.190.1</version>
      <version>3.190.2</version>
      <version>3.190.3</version>
      <version>3.190.4</version>
      <version>3.190.5</version>
      <version>3.191.0</version>
      <version>3.191.1</version>
      <version>3.191.4</version>
    </versions>
    <lastUpdated>20210128231238</lastUpdated>
  </versioning>
</metadata>
